,SalePrice
0,136247.96009497586
1,167169.43543234383
2,190437.4318731399
3,183282.97225724213
4,192115.50745666612
5,173421.40414178817
6,176319.14059378643
7,167570.14521352554
8,175321.16335867764
9,126134.00982425612
10,198533.07010309555
11,91139.05243666358
12,89381.59256567403
13,157928.25053023096
14,129219.89406866964
15,404494.7502537773
16,250589.65160965335
17,307270.9888615577
18,234750.361613208
19,506925.72152091865
20,322450.6210746089
21,216973.562529693
22,155787.60301632306
23,166824.6255780399
24,170282.00609471556
25,185189.85394423033
26,373529.25346566836
27,229305.44606149205
28,180328.9825943137
29,210388.1852514193
30,180227.05011965314
31,88307.39759274684
32,177270.10557936563
33,312551.41063897137
34,285042.59242535324
35,219505.34620627033
36,173754.82446234877
37,146782.15854710533
38,144608.4002720759
39,136651.61433192852
40,159845.82241349478
41,148740.1169415049
42,302067.74054740084
43,229145.36105063552
44,210726.67863469673
45,186383.22454112754
46,241398.51509254464
47,194652.0750091646
48,163283.73689286903
49,144340.11802154788
50,129598.1834488745
51,168168.30415124234
52,137523.60191027893
53,154139.80334785295
54,194196.1670733179
55,175575.42963565735
56,155386.70215848935
57,136029.16416868166
58,217674.8827003948
59,129826.60109933185
60,132361.62596011098
61,174747.69385541286
62,108354.64480708107
63,128112.72016642273
64,122156.33508752042
65,131036.81879946605
66,106278.97156124309
67,139456.88946960928
68,136820.8480423136
69,170530.4345884612
70,65319.5524151123
71,85165.11469656641
72,151135.86032950383
73,109565.05326562306
74,137032.16810453366
75,99670.26634598014
76,67292.53072741865
77,180603.81013336475
78,196116.4070796172
79,75152.77286347917
80,132594.3055916364
81,128555.195048216
82,219245.01117811727
83,65715.57911615925
84,89888.35905585709
85,110000.85606823683
86,115710.5358451995
87,116676.34130257495
88,106735.36668898433
89,124799.8691747146
90,100894.17742070553
91,122515.44587621342
92,131532.72918997312
93,91072.25797322848
94,171041.79269568357
95,76357.37821345335
96,90670.82427933784
97,86858.81196673239
98,81522.48130534356
99,119371.28878018272
100,126414.66575440772
101,114859.54103694648
102,105879.90827480363
103,152681.63389835192
104,143491.14003732908
105,224528.3125900606
106,68461.27316144886
107,217286.17439795524
108,137959.9442912087
109,123674.20601652135
110,115002.08014188067
111,147915.22892856068
112,242931.37565534195
113,103389.64236937651
114,216388.44462483033
115,208196.61737902093
116,174580.68794094538
117,132633.04239538248
118,148491.9093057055
119,201521.24774866502
120,154148.38564312615
121,119384.15484214382
122,336986.57534290385
123,227059.97353679768
124,128534.1911812374
125,68387.88824885956
126,79698.33960941927
127,144177.71987562106
128,98329.85510633688
129,118471.60511037795
130,82135.8429429754
131,124450.00675650651
132,123153.97761226336
133,95998.82871199792
134,97130.35096314998
135,226265.51500678118
136,174430.9364543598
137,172773.5977241777
138,196025.56826378204
139,181818.44278720627
140,57666.472237385366
141,94376.14751411998
142,70957.44119418446
143,285599.4789029097
144,253205.72400625085
145,161797.00976872834
146,136630.89451988935
147,202801.23403504927
148,178340.86390430154
149,147772.17636338208
150,147414.97318766953
151,172535.07358842416
152,176181.60560837763
153,117095.84095299835
154,63495.146235785265
155,46025.33513469379
156,92917.45809781092
157,122808.32519749351
158,145520.74095890796
159,169676.73961090928
160,129750.21627474428
161,149772.0047987058
162,292221.51478594594
163,205374.05502513007
164,134641.07768645027
165,162863.63362562645
166,193381.13287775597
167,271324.9391323806
168,168284.78462048268
169,357297.6141314815
170,236461.00306727103
171,255571.10667933393
172,152918.80911422728
173,179939.57191398813
174,183745.52503480477
175,159148.61864586006
176,189183.66182173934
177,205299.45440848958
178,174243.79297300705
179,242062.60860130895
180,179860.9056030477
181,215563.44123582088
182,219484.31045522768
183,229379.37971119583
184,214425.51568820007
185,147819.69811377182
186,154960.47513557132
187,129621.17748636968
188,139811.5809047705
189,117671.96106602016
190,125895.85188467747
191,87782.37496346034
192,98066.44633270334
193,144428.32428118016
194,141538.75318369866
195,146204.99847845008
196,144532.8100351914
197,141624.61893306096
198,135360.32510604511
199,152895.4857263539
200,433472.0958379403
201,450207.56756160234
202,382823.2043769354
203,379541.05951559916
204,293383.68836694886
205,282582.3124046156
206,377383.3041704757
207,336904.0479986256
208,293388.88173085963
209,359655.971924015
210,241597.54980047193
211,448032.85559393343
212,300644.3348633609
213,242481.45192617096
214,181335.54472673548
215,183415.54044317498
216,213350.94517374475
217,485904.5672576734
218,373998.263438878
219,336905.8704414082
220,269329.6124980329
221,299914.0482623176
222,167979.6586333396
223,168142.22409747783
224,165226.2809637463
225,162697.5911435669
226,161211.51656720505
227,174210.81219386982
228,186116.8241000932
229,180265.26901761765
230,175353.93492903112
231,265347.47829345113
232,167196.4118114776
233,182637.77825600104
234,159148.40591234766
235,263852.68933157425
236,168681.57504088402
237,373880.51418440265
238,346109.1002031056
239,232934.2461373277
240,258046.71137022803
241,250221.16472027305
242,243031.11830864748
243,282328.5444822764
244,229789.0410144131
245,453855.85800126614
246,190541.1074337317
247,200044.06648827833
248,312399.2509726203
249,225435.0189561194
250,237958.15648286787
251,224643.1097174455
252,234485.88707544116
253,206501.70550951373
254,198527.86838395844
255,180140.8353895151
256,149842.01358617324
257,113449.94792719865
258,174003.0669460015
259,252437.4621120004
260,158032.25459639693
261,117939.79882794368
262,149086.03143616472
263,189085.01342630232
264,232969.93527223018
265,172260.4202091808
266,146632.44451164125
267,180713.44130138576
268,160229.2461712646
269,160743.6684553437
270,114516.9475737513
271,124450.78486394901
272,112700.47512777291
273,127080.15843967428
274,127548.52773113923
275,118389.85914901766
276,343716.1039529834
277,197686.5670065577
278,262558.3383128462
279,190379.1517001984
280,175558.52503347085
281,156559.04577019607
282,156431.9975159321
283,302558.2471813341
284,196005.33663751566
285,238091.7897994125
286,203194.66360463505
287,237893.53934649625
288,150222.80389523602
289,135365.55384086512
290,243280.23045873575
291,116666.33522571741
292,150056.89041011804
293,209166.82125909778
294,154630.43986428046
295,132543.02126285108
296,115606.38812074413
297,140278.7485036361
298,154588.36651228383
299,167335.62505857841
300,138927.88137802578
301,187414.2749745993
302,152378.52219610775
303,112311.76971317455
304,177405.5709798654
305,176964.91395330193
306,243823.02961967027
307,144870.90532180312
308,175457.4407012034
309,153033.45480113744
310,130362.28261711505
311,140700.88044023616
312,127228.33560425247
313,102415.21137618623
314,135597.2438723031
315,111262.44638748263
316,113341.37759949685
317,145237.32821689788
318,96166.44534354683
319,197647.12375381283
320,122444.95888039515
321,93707.49549354975
322,134888.8852202146
323,91068.96726807953
324,122856.43381217355
325,154966.1657108349
326,148670.5266951204
327,37613.4074381768
328,84170.32479779897
329,58671.829853744195
330,190584.87221627226
331,163216.7765658008
332,116068.06001149697
333,137404.554739541
334,120421.64759779947
335,104853.98319544845
336,111066.82425929265
337,120365.15497030424
338,100961.36401475477
339,115118.52073358855
340,137200.28004540596
341,149139.0447739259
342,146593.75165546316
343,147691.22725998962
344,128978.21172033522
345,93598.96599385109
346,119362.13155256555
347,122025.86122963282
348,95624.91742447428
349,134251.57291126973
350,78721.34523193001
351,69893.43909782216
352,112623.09009276389
353,75620.05854233901
354,37256.853300976676
355,73917.0315591715
356,97187.0186506126
357,126796.26731953965
358,103601.54142597037
359,48022.6149180914
360,80961.75116813464
361,122707.30840043325
362,56493.549863745335
363,114634.78070359935
364,110426.53273358781
365,87112.48165829247
366,85946.41304336853
367,126556.61669524589
368,108529.69700625997
369,131560.46471721097
370,143974.8088171851
371,69804.10195993897
372,144843.87671457816
373,118030.00279379023
374,137538.33666425804
375,106019.49551074854
376,76626.23180834796
377,122541.09918895179
378,77941.02215716323
379,163178.989761038
380,128638.66102509062
381,50593.54879121651
382,134106.23581506367
383,106407.4254491482
384,130281.42870541007
385,150622.96080516354
386,145619.5758703752
387,37475.113211015065
388,113464.53362493616
389,119308.93596612783
390,143962.447211818
391,110573.13558620444
392,122488.62731729732
393,169440.23582726938
394,119756.32079133182
395,198626.44802955928
396,143318.09287695494
397,124454.11504474063
398,112395.81736217217
399,142398.5559003914
400,112395.81736217217
401,297189.34800254164
402,296580.5965516601
403,296580.5965516601
404,311710.92552188126
405,328808.37105400395
406,242621.79032423953
407,300057.07918340206
408,183384.68093894696
409,225267.86474749222
410,239148.74926793683
411,165319.74870529582
412,217647.6341334828
413,137805.70582146128
414,213940.5542892549
415,188327.6665728314
416,205783.76622427805
417,195333.4801919048
418,125564.09282599436
419,128435.24986713399
420,198480.29658508222
421,246403.7807369381
422,186895.3681795188
423,203065.05492858926
424,254761.29823172255
425,310931.0910172894
426,203655.8973926199
427,256760.69939869468
428,146000.8858561737
429,99576.40227803377
430,119462.20987866641
431,95662.7004395313
432,128845.28296321735
433,113301.75204719628
434,136804.89371417236
435,120700.5132196507
436,114415.80161428888
437,101629.15754003382
438,124721.19699585979
439,129503.95548230343
440,156980.8012518269
441,133138.4604124779
442,200501.6071642594
443,135712.09534188223
444,186820.16780398937
445,172921.6727523024
446,190370.06797819928
447,97833.02092191968
448,136484.55168959458
449,112741.30612214126
450,197656.08972531886
451,305995.212975142
452,152183.57215666413
453,64660.23087563019
454,310817.77042186813
455,54969.591501604475
456,269089.0915380485
457,136853.04080884135
458,156112.67293931587
459,137411.28412951634
460,460910.25234684616
461,343220.37691242486
462,203489.30000187305
463,205756.83228551963
464,211663.59448391796
465,412791.4067577447
466,129920.24855073809
467,165272.76297734704
468,114203.13095528449
469,130948.99174496887
470,140879.67985736232
471,133650.21932336234
472,183850.69727937246
473,180345.78830662006
474,173563.0421762761
475,188203.37462026218
476,191151.13066261247
477,182583.87145810813
478,241816.51423198596
479,190928.39402889687
480,175260.88451914804
481,190326.79508490485
482,206439.82419791576
483,325817.9169740418
484,402729.60807586584
485,162846.81611816722
486,312027.0805568067
487,216416.4850227767
488,213064.35494175676
489,172374.65159010186
490,242660.90533953247
491,205261.39284957643
492,148169.79735842338
493,181939.64195573237
494,124589.08561331606
495,279460.738966168
496,157504.1992823587
497,299392.1660686623
498,124224.17668523187
499,118831.86984156028
500,117810.86446023763
501,84243.81625463782
502,96878.16273183851
503,110084.66592520017
504,143528.16345180114
505,146435.70453789292
506,265593.73145407
507,400218.82789884065
508,402539.1505439802
509,459069.1222794677
510,464281.4472565788
511,378675.70609817794
512,249094.57700870433
513,310880.61245728325
514,407741.76731249253
515,255854.97649834416
516,361875.654479814
517,353382.39608145464
518,325043.426847514
519,182726.67608929053
520,354506.77941254183
521,231573.60214500807
522,212162.94912980276
523,151941.85232460243
524,200829.7902231319
525,204184.7308484292
526,149108.183027493
527,174045.16166124857
528,184560.02422929383
529,210116.4727256435
530,267679.25469733996
531,209254.7942843978
532,171450.82222716892
533,245271.58159424318
534,181015.37416179894
535,247877.03504491597
536,309795.29080117994
537,361318.7028140027
538,245291.39822596562
539,317627.15197111125
540,255278.9969920489
541,222833.2226726976
542,233232.91180768085
543,256276.29356850847
544,228972.7340856718
545,220855.88799341058
546,234088.0926982104
547,184757.7778254385
548,182137.79671126607
549,188759.03573976454
550,122743.5359932442
551,160250.89053148837
552,172818.24864429096
553,173395.46588658725
554,191900.91768167657
555,185170.425488943
556,187855.14014545246
557,113261.84718826745
558,122617.42884883021
559,111964.47615002732
560,111563.63334265837
561,178198.0256070512
562,141242.59955475418
563,241507.62726312142
564,361387.9531548237
565,161158.45432566886
566,135018.6312345036
567,136060.40912270502
568,156731.48480719357
569,282157.5576861025
570,255988.9561261975
571,282382.24789526337
572,282306.0011329523
573,143412.9233813231
574,202322.52148437817
575,186676.85061593217
576,197970.88238210414
577,321457.9338874677
578,224110.26374805963
579,341850.30901770067
580,259633.4789919393
581,200220.5397537392
582,166462.04240375228
583,175139.16967399875
584,206979.2323371226
585,127648.82637848251
586,151642.7630048895
587,133913.70374745576
588,108467.72090172011
589,171220.85957595005
590,95763.36554468998
591,125515.0550042343
592,142042.6096467401
593,73459.72527716373
594,159580.23798435275
595,129687.98542615664
596,117213.4206642938
597,216323.40920555586
598,128349.59575195613
599,169905.17483710768
600,185166.54151927255
601,126073.5015211027
602,110003.17074852184
603,135203.6343910946
604,112873.89067743345
605,163874.05518901607
606,81661.58094196126
607,71664.58456472539
608,75086.05006298784
609,103325.24608244983
610,81079.8431398313
611,90517.59302342914
612,143671.69338445214
613,188987.80037710597
614,129281.22493870597
615,129399.38686470583
616,141984.0144218831
617,121494.2521610103
618,132402.95768195158
619,115433.57496043817
620,124211.26592746288
621,90570.17363114053
622,128030.72438557619
623,116875.90719089934
624,117847.13861385867
625,127742.74427020889
626,106826.10611892413
627,87912.79729350924
628,52811.58170292768
629,102897.94429610859
630,96481.97083477954
631,114563.58071427321
632,115523.260328661
633,105034.55699434286
634,137862.2394373748
635,55036.613680314826
636,62087.40731253244
637,146914.5956156918
638,44215.75622722582
639,52589.91855087101
640,111350.8745240427
641,108079.61016068695
642,84625.24515177305
643,119221.64105483587
644,89177.54565320944
645,39280.50331557865
646,221471.1056866674
647,112055.59164981826
648,99144.215956555
649,112550.81149594311
650,141402.9563142379
651,131873.29249915457
652,111320.90097163066
653,91248.05821615158
654,141856.50606555174
655,104491.02819131053
656,145935.3147961378
657,108169.4503399179
658,80237.39695997027
659,101915.93467318045
660,90741.7193742869
661,75411.94154423288
662,80116.6430796804
663,167032.71876865093
664,117125.3082443164
665,128727.79682491795
666,150413.66406907365
667,92891.74825212779
668,78658.65867746336
669,136722.6844158046
670,148872.47360244568
671,105667.08411898212
672,108728.74846058918
673,112607.69410988905
674,89842.71689136988
675,48038.75687273745
676,117567.9436848209
677,126862.02201545582
678,141207.70343817226
679,134283.80266261112
680,119718.5864842102
681,118454.08858679878
682,141558.17142647324
683,105500.12318296358
684,132491.36136572494
685,167667.05856741001
686,126869.38936742535
687,111863.75396110557
688,126819.17947934728
689,205011.65694448943
690,111425.63234140874
691,163585.80864276178
692,183272.6869623095
693,94286.69223059517
694,123660.07232762537
695,256735.6881944554
696,212767.73414925102
697,230866.48823392624
698,198825.40036471467
699,140392.49817548014
700,231734.42853408869
701,388383.7767958762
702,346262.82946435764
703,241259.04839226583
704,169608.96915923784
705,133396.43837020497
706,216275.94728325648
707,195547.11307685578
708,185068.8160588564
709,214947.01265156074
710,148674.1835848404
711,126631.7375219031
712,161533.42811565663
713,225100.7118877336
714,304305.7622923421
715,308515.88105790457
716,228948.45662649118
717,209979.0078605103
718,127137.58698310086
719,215444.5557594433
720,178730.28871721993
721,196313.21352791353
722,173660.5813199895
723,126383.9120479449
724,102929.33889683914
725,124709.89408927497
726,136727.59644379924
727,152678.39205061318
728,210546.739108899
729,75051.16809479459
730,56633.06577459855
731,84925.02470857944
732,83942.35000409605
733,83480.40633643931
734,109586.13565066538
735,83881.36761301818
736,110351.86349968145
737,151984.61030246524
738,170966.91650760474
739,122079.1870671906
740,127997.90549425838
741,210104.74683401597
742,135527.99944562116
743,163589.0758855176
744,104422.19840867513
745,138202.2997002664
746,215763.78196440917
747,233463.46187858103
748,217155.56169549
749,107421.0465388811
750,113047.1026923248
751,108391.59771544556
752,85544.1051751303
753,124122.91757512528
754,88023.93269578682
755,147678.25194868827
756,104015.13664487752
757,81024.30968625462
758,92400.61393459629
759,75345.3939248279
760,310354.2347762366
761,247635.94733257746
762,285124.0342232739
763,217921.13882224885
764,122578.94185368875
765,183609.69383872044
766,178891.8111459191
767,262494.8688907299
768,232909.63568174315
769,149349.55685875285
770,203547.08637800236
771,179954.4044686769
772,150355.44825897872
773,255599.0137242483
774,221238.00439371227
775,277522.71393175336
776,361936.0043442434
777,204986.79477235285
778,105966.1358232076
779,164055.3195696992
780,144392.2367125483
781,119646.24836431876
782,124818.01883642918
783,90662.22164162071
784,90065.98835780002
785,148047.41466126603
786,83676.21141155742
787,122701.18975904318
788,122024.18154820532
789,134120.73167765958
790,90530.49251894822
791,175985.3418361998
792,152649.76586869993
793,173897.5715054945
794,197056.83535640774
795,189690.49565288564
796,213472.26445568222
797,169569.2708334212
798,179228.05352574468
799,168123.9182083931
800,198974.46266047683
801,215292.5936078166
802,326071.84753107297
803,431864.4657685855
804,171464.49981478593
805,298924.7585516062
806,328425.8512419484
807,371230.786922899
808,143299.41499592122
809,172767.52686309247
810,210224.87804920756
811,186372.17769036276
812,158389.98023428817
813,168426.61747495117
814,181901.97800856837
815,175428.53990952796
816,184303.7191120662
817,143127.45915230256
818,130157.7167338738
819,115283.14921908648
820,163901.39988432324
821,189392.75181101897
822,95825.1064393795
823,115213.02221063597
824,145190.3181973122
825,110056.07217171152
826,340544.0547308944
827,259808.51980754064
828,395465.2767902299
829,450816.120586218
830,306809.5523426859
831,426561.4417619827
832,446148.68844836234
833,414758.90974037524
834,423889.53289952176
835,246970.3254183328
836,280742.39773914596
837,303859.9190885193
838,405383.3155287517
839,343865.2951033505
840,257713.8100365977
841,225012.19406278423
842,236183.05709876592
843,216631.539586717
844,173364.0511503254
845,176834.98247701442
846,182337.96127375634
847,203603.5669086426
848,288020.1495727329
849,217866.80756944398
850,196009.71758128822
851,169712.4961350359
852,179381.23413812544
853,154992.06110057607
854,168844.4522187919
855,170441.0104953684
856,182311.97744719402
857,162325.51661973377
858,158478.8802507618
859,184693.05775516035
860,224158.2935048985
861,154305.59196921863
862,175201.0602465263
863,152028.0083747918
864,182184.59044249676
865,153164.3616215515
866,202849.87586007963
867,216058.3437288938
868,183808.76425033933
869,179605.3656140395
870,358183.650910474
871,397267.2482762548
872,319010.10970657895
873,236245.35152298913
874,251528.5958618754
875,322949.16866769566
876,216669.63318556946
877,258932.2158890658
878,218770.21611391404
879,386192.8056290218
880,195514.25031969638
881,228697.67297813972
882,190474.94919275856
883,220495.35782450956
884,224831.12966342617
885,207545.75991512788
886,182334.1443924819
887,216319.48893380055
888,156047.61947480435
889,278210.8091251987
890,231852.8683668624
891,232029.79258661944
892,232790.79953493204
893,105943.19137421268
894,120490.68662268877
895,139562.9309611223
896,178771.09071866635
897,188224.51923567656
898,124929.90631690163
899,99537.01922031591
900,134185.62436683112
901,270163.9988927408
902,132485.47646080152
903,170633.2380261251
904,223963.75790948365
905,185687.07503239013
906,200669.08483460013
907,193588.76307417153
908,197545.6644772338
909,157255.54336959202
910,151925.43292433213
911,186834.72910078158
912,269216.06053241546
913,322905.5755227498
914,261963.0947207681
915,238816.31025702646
916,343722.68630848377
917,134878.91637258723
918,196449.61635979437
919,135179.73575298273
920,150363.40378545705
921,183803.98565440215
922,181770.96278228113
923,232930.6672618587
924,147723.16669183582
925,129717.87806520106
926,134731.04632804188
927,75021.2395932081
928,116281.32900323694
929,151671.6361493927
930,134438.51153694803
931,107871.74673590269
932,164132.62067278737
933,131127.23119402074
934,233301.38697604561
935,135486.29026986685
936,233422.74691527666
937,141321.31857941364
938,42198.364364610396
939,44969.9173316252
940,97078.95619401317
941,130226.06318771101
942,131147.95395172713
943,131121.3845247515
944,152295.22056759114
945,142687.47107948182
946,123899.54516111105
947,128491.9819507136
948,108054.46080774034
949,179740.91036977447
950,122780.47233698463
951,157016.7370746567
952,126287.10486280393
953,141537.55263892224
954,130342.77023956261
955,119570.23103421547
956,142457.46798291366
957,130883.12678887372
958,122638.59465556015
959,122953.37979333416
960,132947.1605365179
961,110912.56100084119
962,108088.97030464566
963,152941.77066983396
964,187699.58364483007
965,132066.00139165865
966,112602.14871775555
967,174381.93062075882
968,125244.04216244946
969,139896.42492196622
970,101138.38429516372
971,138349.50556154628
972,147062.2576900518
973,132998.9307117754
974,141788.8799164637
975,95129.39146141324
976,98351.82577633901
977,117469.19060459184
978,88564.15893516458
979,111008.30709999592
980,91352.1952233935
981,79518.0474305883
982,107583.6411743072
983,107660.04510345943
984,56460.05768245099
985,109475.66469323059
986,172826.13801659137
987,122250.53578302797
988,76547.15805708003
989,128033.74047735031
990,111814.72247695287
991,200666.1571007037
992,83761.66991435064
993,107083.68049201439
994,110134.54359174694
995,108566.91291891833
996,116873.12899470156
997,108201.99265905154
998,87058.60776885044
999,123837.82344272455
1000,101803.28144008793
1001,124401.466563932
1002,110311.00900575632
1003,162690.8548559432
1004,105772.77336802667
1005,98039.86898607321
1006,151567.78376435276
1007,62860.66071824797
1008,55682.86196573956
1009,174934.31049967752
1010,212461.77109009915
1011,144971.125530463
1012,130022.3448897953
1013,63949.10885058393
1014,243914.12848061408
1015,109653.8148573653
1016,118126.3639313261
1017,153433.2549640417
1018,99129.61129762467
1019,148914.96130529663
1020,121417.75461497287
1021,121900.98402768475
1022,108218.17271452509
1023,112483.14384749449
1024,117855.1423972586
1025,164765.4029858372
1026,186276.70482180011
1027,157630.41462789138
1028,157999.15663758214
1029,171501.80195272248
1030,70170.29127328006
1031,169816.7572491489
1032,127574.85268656153
1033,149393.38572544383
1034,95861.50890212266
1035,234327.37479961998
1036,141158.44256274615
1037,110837.20627104664
1038,84886.03067198559
1039,139019.55455456427
1040,129819.81030857998
1041,153608.7795863731
1042,79477.20538681986
1043,181668.69281638888
1044,215361.63358324126
1045,231361.06407726
1046,319811.6685860388
1047,230532.91262437342
1048,193037.87033583593
1049,215604.9698889262
1050,165726.61604280537
1051,195436.16094815204
1052,203240.8801879204
1053,259912.39679180193
1054,147240.95948891612
1055,161192.86249195982
1056,117299.7580619074
1057,147173.79192264867
1058,206933.2323897931
1059,193318.23819260806
1060,179384.97065522603
1061,212578.32289134426
1062,117573.83903918767
1063,121297.43295362366
1064,122415.45146520367
1065,114767.8158775533
1066,93492.99306321547
1067,127551.78692963855
1068,121766.68951970886
1069,119950.12496419158
1070,230716.61874123543
1071,215546.8042582452
1072,191483.07693896722
1073,218117.95791253497
1074,319573.9668333198
1075,226106.58123307533
1076,238957.589815838
1077,156164.15244509335
1078,174677.33596982283
1079,154272.9709949832
1080,165883.7651468243
1081,154668.24356361318
1082,120749.96666774782
1083,120879.00311828361
1084,127643.17809358319
1085,129707.11975536287
1086,126425.7747530951
1087,135651.36909546517
1088,138656.83384818988
1089,293824.4142095178
1090,121216.19911827438
1091,143897.0665206362
1092,55899.94797860504
1093,96329.65480929635
1094,109696.74837740698
1095,93802.64471823344
1096,112548.53386436027
1097,166350.74563095364
1098,118764.38844543438
1099,121372.77097228634
1100,124807.60186553733
1101,110766.61181725167
1102,130056.7670230089
1103,176089.37123110399
1104,133287.66211002524
1105,137023.47675595965
1106,119291.44451320414
1107,181485.3860726371
1108,191784.0144681823
1109,107663.98472163691
1110,183140.45637445684
1111,180481.235452623
1112,204293.4972260909
1113,253728.07638053596
1114,118124.98122576803
1115,104538.86479243905
1116,157113.6153038667
1117,64392.95107935984
1118,48422.640104161634
1119,134963.67989928447
1120,114516.09496584802
1121,115914.22843340442
1122,279898.63628735417
1123,145407.67014182254
1124,180401.02698570018
1125,216972.2823515705
1126,203656.47760090407
1127,156473.72031052865
1128,143176.56919695536
1129,197177.60851318264
1130,198258.97933600497
1131,189518.6264230739
1132,248469.2135739721
1133,170025.43962411676
1134,215231.9677783417
1135,335443.4475112282
1136,198782.40002509492
1137,261891.59263535368
1138,320744.8220861108
1139,180030.67640405454
1140,175994.4053051442
1141,75412.06450857814
1142,76728.73948094068
1143,67907.97649503233
1144,62725.90632313925
1145,136402.23436015187
1146,184951.89401081103
1147,202310.82989883376
1148,161207.8660189786
1149,100541.06796018867
1150,147276.66675274135
1151,152558.90104662144
1152,128671.36129377218
1153,125758.61428150015
1154,139628.76229030028
1155,141335.51355169684
1156,203037.89616296743
1157,226754.44703775476
1158,154712.0399763154
1159,185157.75380121506
1160,181179.71691871586
1161,180899.28574020567
1162,245470.0318077063
1163,252909.0503518501
1164,356539.26096677163
1165,175493.21316101158
1166,182570.61054896028
1167,435660.5982777039
1168,554760.2688032414
1169,335697.85367972025
1170,453880.5642169315
1171,404707.15520461416
1172,317622.7975402201
1173,407877.0229327644
1174,149316.4806183117
1175,173733.10005837906
1176,165364.6523904005
1177,244557.30258002062
1178,186548.4121389622
1179,144671.28480587536
1180,106669.96933155123
1181,189402.81033536515
1182,86317.68005269082
1183,122428.58498552773
1184,95746.31623747302
1185,87110.82559389708
1186,89487.51162441615
1187,134381.3660777914
1188,151735.29047427073
1189,150415.07816433164
1190,140451.0708157333
1191,404998.37912877824
1192,235843.33391987786
1193,202694.50528879996
1194,406922.9416292629
1195,312205.356405849
1196,308637.14526343724
1197,269978.9333073529
1198,302379.85470391414
1199,340055.52207128366
1200,350761.3294408562
1201,367319.2222421947
1202,260587.3152000677
1203,276569.6662875064
1204,320475.3237671488
1205,273231.6745155768
1206,166280.338535914
1207,173758.95922599357
1208,154039.53391178855
1209,288601.08771674416
1210,171329.22083251172
1211,176557.93706667642
1212,206097.07087572874
1213,199760.22437239435
1214,155127.98030593936
1215,182759.13095186575
1216,200912.63541720065
1217,253400.2976930169
1218,279052.998769666
1219,280865.1679335384
1220,398756.9284322271
1221,365535.9411147788
1222,560741.7159384837
1223,325508.81554929336
1224,390434.84392321546
1225,220598.22320488427
1226,322563.6550065007
1227,205612.26373092495
1228,207731.27011010298
1229,465313.4433604111
1230,181019.35273993656
1231,112508.87279248206
1232,165478.07838623674
1233,103269.81419105791
1234,178380.35406858637
1235,172028.6367184412
1236,191268.59344634163
1237,200795.96116697995
1238,165385.55369443283
1239,148749.5452933745
1240,152653.00245327724
1241,106150.97781412667
1242,119753.1739186052
1243,130863.28792411282
1244,118921.17792757919
1245,117323.70783386435
1246,115097.90013936785
1247,137182.6864786148
1248,94354.05867098259
1249,125906.38102037142
1250,273821.99720815045
1251,387250.9157424789
1252,149715.73023856556
1253,136145.48148424513
1254,149385.80381776034
1255,146068.52833698568
1256,171523.33653939996
1257,249449.50414845912
1258,156311.7665981088
1259,168325.74256716316
1260,136591.0109780137
1261,168525.20561574746
1262,153186.27103517286
1263,127531.79654360723
1264,126796.7136497009
1265,153742.7501974507
1266,194172.20869394366
1267,164345.40018254778
1268,145449.05158300418
1269,143011.09688455213
1270,134081.469469915
1271,112044.74333740803
1272,160479.6948435751
1273,144090.47846633455
1274,123874.96341392274
1275,132759.20441717582
1276,118642.84907784416
1277,128427.95476690515
1278,149024.07166331637
1279,132584.5549851798
1280,131253.00753244804
1281,154006.9309673588
1282,117271.70728918834
1283,154973.414302218
1284,143022.31088290006
1285,133022.67716282303
1286,154190.10061205013
1287,124836.94201202318
1288,124330.2283331331
1289,147794.9923067808
1290,141599.64965995617
1291,192502.62368736716
1292,168959.75772318715
1293,227693.35338184406
1294,115882.40831995693
1295,88407.34878614834
1296,64589.294546654004
1297,70369.00169818259
1298,156151.98709351645
1299,123997.2975693977
1300,141168.22726680944
1301,132024.61108096185
1302,198081.84404856077
1303,143062.27279593222
1304,287489.2793086699
1305,133294.86406540795
1306,73128.3503867623
1307,117818.0822155532
1308,123071.3258282636
1309,148005.36323076187
1310,121713.98046145528
1311,112675.39627420313
1312,123892.8077288567
1313,127159.55759044699
1314,109173.175348115
1315,120283.18074831001
1316,127719.68729574609
1317,101557.96373826114
1318,110015.2156780652
1319,83252.86414422972
1320,71769.02762005122
1321,61257.23184707244
1322,83144.44403753112
1323,119148.59062548119
1324,116609.03248811579
1325,56137.75307707358
1326,113075.85583817735
1327,58086.4200007906
1328,178739.46921478177
1329,75126.33323568235
1330,104294.56536836938
1331,60464.897929180945
1332,167655.58148726457
1333,93456.28993721408
1334,94314.6059563406
1335,83891.36647613587
1336,205122.45302177104
1337,122117.16641173114
1338,107554.97713725246
1339,40629.688117058424
1340,94177.92034427228
1341,136894.2920210172
1342,134444.4820970477
1343,128024.6858974965
1344,85163.00874411497
1345,68493.2441311811
1346,142773.26649794
1347,147807.71365605967
1348,129326.8879755025
1349,135867.7595920809
1350,157573.87371282512
1351,127790.28129851681
1352,166974.45698004903
1353,163570.49399177014
1354,90200.10637258802
1355,240334.35303303433
1356,160440.51109372935
1357,116695.51064269395
1358,115489.4347299016
1359,136253.34279927352
1360,93698.21000133602
1361,169735.59838014405
1362,249466.30791885057
1363,175143.16696495534
1364,152074.34216977737
1365,131551.50097830928
1366,135602.57991444386
1367,225137.2788085996
1368,183384.60303242833
1369,197732.3631562392
1370,167744.42215365055
1371,206864.3184602847
1372,278474.34137377085
1373,186025.21858446338
1374,189289.72516109614
1375,180831.92813003145
1376,154936.40428586656
1377,148629.52939473413
1378,176497.21949380374
1379,202941.20226414612
1380,197499.99712822709
1381,211439.1001460323
1382,149655.67619954338
1383,131427.90371250582
1384,105814.0918207295
1385,196901.97596157322
1386,196583.28249714212
1387,214759.53527062238
1388,186085.8467292681
1389,278962.15950477775
1390,234136.68687358758
1391,233608.95483315847
1392,220264.88430266202
1393,129588.48806684901
1394,193786.75609207226
1395,172043.64789536886
1396,172435.3870447328
1397,195125.81115137323
1398,142902.93252032835
1399,111764.68717205415
1400,140750.81594462213
1401,185608.92224307696
1402,109446.92455430931
1403,237620.60057438124
1404,120355.96241379307
1405,117031.27420339621
1406,92638.35803013771
1407,101111.57127311845
1408,125822.52639439591
1409,121536.57301981632
1410,78091.7769011386
1411,38842.46673294907
1412,98563.10779338764
1413,136245.2548599083
1414,130571.21575263729
1415,156661.17091015118
1416,117354.15898645775
1417,151517.8512167846
1418,134899.28741346992
1419,94163.12554289546
1420,145080.57111575626
1421,156638.64319619964
1422,162122.1131120263
1423,160155.07275314975
1424,180459.0860929024
1425,216688.3670695348
1426,93869.28590963533
1427,110929.15812359829
1428,38460.553946821485
1429,62609.629548540186
1430,122434.20662103023
1431,55382.0261786607
1432,96886.47008561404
1433,46235.475114623645
1434,324295.37426460563
1435,285524.60602446995
1436,206117.0174648314
1437,139055.59845010992
1438,243952.88913238348
1439,147591.78103150512
1440,219322.38042554774
1441,195867.80067522678
1442,341880.2879339596
1443,374118.49451651814
1444,108840.79163300946
1445,219973.39228241867
1446,97603.3311452451
1447,134188.48873277722
1448,126792.19041212696
1449,56246.70438193326
1450,81499.77236064435
1451,145110.46467760595
1452,70246.4775880249
1453,51923.892095711075
1454,56413.918244960194
1455,66510.89713455043
1456,176973.22507001195
1457,100666.18952107793
1458,237598.4309630592
